images_jpg\1.jpg,#b5c9db,#8d835b,#34392a
images_jpg\10.jpg,#494849,#b9b6a0
images_jpg\11.jpg,#51453e,#adaaa7
images_jpg\12.jpg,#bfbdb9,#423f3d,#938678
images_jpg\13.jpg,#948678,#bfbeba,#423f3d
images_jpg\14.jpg,#cebeb4,#513f35
images_jpg\15.jpg,#4c3d28,#f6f5f2
images_jpg\16.jpg,#bea089,#352a24,#80594b
images_jpg\17.jpg,#98a19b,#615a45
images_jpg\18.jpg,#8c835d,#c8c8ba,#4a4228
images_jpg\19.jpg,#423e37,#dbd6d1
images_jpg\2.jpg,#c2c2bd,#564e3a
images_jpg\20.jpg,#b3aaa2,#53492d
images_jpg\21.jpg,#58523d,#d7d6c4
images_jpg\22.jpg,#715533,#d4c7b5
images_jpg\23.jpg,#9da0a5,#545435
images_jpg\24.jpg,#635f2f,#adab9f
images_jpg\25.jpg,#a2a69d,#45463a
images_jpg\26.jpg,#d3d5d7,#66553f
images_jpg\27.jpg,#36352d,#8e8d8a
images_jpg\28.jpg,#aca78b,#494628
images_jpg\29.jpg,#b6bfc5,#4f4d3a
images_jpg\3.jpg,#cbcecc,#687457
images_jpg\30.jpg,#898473,#363828,#cecfd1
images_jpg\31.jpg,#4a4d33,#c5c5d1
images_jpg\32.jpg,#3e2f28,#9a928c
images_jpg\33.jpg,#2d2d2a,#848376,#5f5f4f
images_jpg\34.jpg,#b5b6b2,#434932
images_jpg\35.jpg,#c2c4bb,#404833
images_jpg\36.jpg,#3d321b,#ae9f7f
images_jpg\37.jpg,#dbd2b1,#494c45
images_jpg\38.jpg,#e9e4d7,#b2a592,#6a563b
images_jpg\39.jpg,#dad3c6,#393529,#9f9888
images_jpg\4.jpg,#d7cdc7,#4e4d51
images_jpg\40.jpg,#7e8281,#e3e3df,#3d3838
images_jpg\41.jpg,#948c7f,#3b312e,#b5b4b0
images_jpg\42.jpg,#827753,#443d26,#a69f87
images_jpg\43.jpg,#26221f,#c79d79,#764532
images_jpg\44.jpg,#cfccce,#565553
images_jpg\45.jpg,#2d2521,#b6b2a5,#86806e
images_jpg\46.jpg,#99918f,#2b2b28
images_jpg\47.jpg,#bc9a80,#3b352d
images_jpg\48.jpg,#45473c,#ab966b
images_jpg\49.jpg,#2a291b,#dbb79c
images_jpg\5.jpg,#645545,#c9bfc5
images_jpg\50.jpg,#372f2e,#8b7560,#d9d0c5
images_jpg\6.jpg,#654739,#d7cfcd,#af8d79
images_jpg\7.jpg,#e0e0dc,#4e3f36,#9c8c7f
images_jpg\8.jpg,#af8f7c,#ebddd5,#66574b
images_jpg\9.jpg,#bcc3c3,#554b3f,#8e8370
images_jpg\colors.jpg,#c8bf34,#ed4645,#e2e5aa
